{
    "mape": 0.9911130666732788,
    "mse": 0.07592395693063736,
    "Adj Close_mean": 2647.856284313463,
    "Adj Close_std": 407.1895721099063,
    "Close_mean": 2647.856284313463,
    "Close_std": 407.1895721099063,
    "High_mean": 2660.7186728114298,
    "High_std": 409.5685962166139,
    "Low_mean": 2632.817580332299,
    "Low_std": 404.19928332438536,
    "Open_mean": 2647.704750709011,
    "Open_std": 407.05842548228196,
    "Volume_mean": 3869626822.9753423,
    "Volume_std": 1087294826.420068,
    "loss": 0.07295073304946224
}